City_ID,City,Country,Lat,Lng,Max Temp,Humidity,Cloudiness,Wind Speed,Current Description
0,Poum,NC,-20.2333,164.0167,77.02,79,11,5.03,few clouds
1,Cabo San Lucas,MX,22.8909,-109.9124,79.61,53,80,7.99,broken clouds
2,Kiruna,SE,67.8557,20.2251,32.92,80,40,13.8,scattered clouds
3,New Norfolk,AU,-42.7826,147.0587,60.93,77,100,3.0,overcast clouds
4,Saldanha,ZA,-33.0117,17.9442,69.85,84,0,17.11,clear sky
5,Chara,RU,56.9064,118.2631,39.87,85,100,5.68,overcast clouds
6,Tabas,IR,33.5959,56.9244,82.62,32,11,6.91,few clouds
7,Bonthe,SL,7.5264,-12.505,86.95,64,72,12.53,broken clouds
8,Ancud,CL,-41.8697,-73.8203,55.29,80,83,1.83,broken clouds
9,Busselton,AU,-33.65,115.3333,57.24,84,2,2.82,clear sky
10,Muroto,JP,33.2833,134.15,59.79,70,100,4.54,overcast clouds
11,Primorka,RU,47.2836,39.0625,57.11,57,95,12.62,overcast clouds
12,Baillif,GP,16.0202,-61.7463,83.7,70,91,16.02,overcast clouds
13,Barrow,US,71.2906,-156.7887,21.22,86,100,13.8,overcast clouds
14,Kaili,ID,-3.4626,120.2147,67.32,95,83,3.38,broken clouds
15,Bluff,NZ,-46.6,168.3333,52.81,92,20,7.99,few clouds
16,Rikitea,PF,-23.1203,-134.9692,76.37,72,29,6.06,scattered clouds
17,Saint George,US,37.1041,-113.5841,72.79,18,0,1.99,clear sky
18,Mareeba,AU,-17.0,145.4333,68.49,94,85,1.66,overcast clouds
19,Qaanaaq,GL,77.484,-69.3632,12.06,65,20,5.93,few clouds
20,Teeli,RU,51.0333,90.2333,57.83,20,67,4.74,broken clouds
21,Robertsport,LR,6.7533,-11.3686,84.56,71,70,9.66,broken clouds
22,Castro,BR,-24.7911,-50.0119,73.36,63,13,9.35,few clouds
23,Vaini,TO,-21.2,-175.2,78.96,94,75,4.61,broken clouds
24,Dikson,RU,73.5069,80.5464,9.91,97,48,10.45,scattered clouds
25,Mount Gambier,AU,-37.8333,140.7667,57.11,100,100,11.5,overcast clouds
26,Dahegam,IN,23.1667,72.8167,92.97,38,3,12.26,clear sky
27,Kapaa,US,22.0752,-159.319,71.92,95,75,19.57,broken clouds
28,Punta Arenas,CL,-53.15,-70.9167,44.71,87,0,12.66,clear sky
29,Omsukchan,RU,62.5333,155.8,16.27,99,76,7.18,broken clouds
30,Batagay,RU,67.6333,134.6333,25.11,85,79,6.67,broken clouds
31,San Cristobal,VE,7.7669,-72.225,80.78,53,99,7.63,overcast clouds
32,Broken Hill,AU,-31.95,141.4333,49.71,81,0,5.75,clear sky
33,Nome,US,64.5011,-165.4064,37.47,70,0,17.27,clear sky
34,Kodiak,US,57.79,-152.4072,38.71,87,100,19.57,light rain
35,Ushuaia,AR,-54.8,-68.3,47.86,66,75,5.75,broken clouds
36,Carnarvon,AU,-24.8667,113.6333,69.87,73,0,11.5,clear sky
37,Vao,NC,-22.6667,167.4833,75.25,84,22,20.74,few clouds
38,Benjamin Constant,BR,-4.3831,-70.0311,82.53,74,40,4.61,scattered clouds
39,Kavieng,PG,-2.5744,150.7967,81.77,75,8,4.41,clear sky
40,Yellowknife,CA,62.456,-114.3525,34.32,60,0,9.22,clear sky
41,Faanui,PF,-16.4833,-151.75,80.33,74,28,11.12,light rain
42,Cherskiy,RU,68.75,161.3,8.13,93,18,6.85,few clouds
43,Deputatskiy,RU,69.3,139.9,18.16,83,88,4.61,overcast clouds
44,Along,IN,28.1667,94.7667,68.52,86,97,1.9,light rain
45,Sao Joao Da Barra,BR,-21.6403,-41.0511,82.49,66,1,10.63,clear sky
46,Saint-Philippe,RE,-21.3585,55.7679,78.39,83,46,4.79,scattered clouds
47,Temir,KZ,49.1414,57.13,55.18,65,16,6.44,few clouds
48,Hermanus,ZA,-34.4187,19.2345,66.79,81,0,10.07,clear sky
49,Torbay,CA,47.6666,-52.7314,54.75,86,75,10.36,broken clouds
50,Martapura,ID,-3.4167,114.85,77.09,100,100,11.5,moderate rain
51,Cidreira,BR,-30.1811,-50.2056,64.72,86,100,7.54,overcast clouds
52,Kindu,CD,-2.95,25.95,72.23,83,100,4.25,overcast clouds
53,Ballina,AU,-28.8667,153.5667,66.16,93,100,6.91,overcast clouds
54,Camacupa,AO,-12.0167,17.4833,68.61,59,37,3.94,scattered clouds
55,Port Alfred,ZA,-33.5906,26.891,64.18,80,5,1.99,clear sky
56,Evansville,US,37.9748,-87.5558,68.2,51,0,16.11,clear sky
57,Khatanga,RU,71.9667,102.5,15.35,95,98,9.26,overcast clouds
58,Mar Del Plata,AR,-38.0023,-57.5575,55.87,69,75,14.0,broken clouds
59,Elesbao Veloso,BR,-6.2019,-42.1403,92.79,38,29,4.32,scattered clouds
60,Toamasina,MG,-18.1667,49.3833,80.6,78,40,6.91,scattered clouds
61,Cayenne,GF,4.9333,-52.3333,84.09,12,75,11.5,broken clouds
62,Northam,GB,51.0333,-4.2167,50.61,93,100,6.93,overcast clouds
63,Hovd,MN,48.0056,91.6419,58.93,17,97,5.61,overcast clouds
64,Ravar,IR,31.2656,56.8055,75.11,31,28,2.59,scattered clouds
65,Arman,RU,59.7,150.1667,31.06,85,15,0.54,few clouds
66,Beringovskiy,RU,63.05,179.3167,13.32,94,98,12.57,overcast clouds
67,Roblin,CA,51.23,-101.3565,37.45,83,100,15.55,overcast clouds
68,Airai,TL,-8.9266,125.4092,59.34,88,70,3.38,broken clouds
69,Salalah,OM,17.0151,54.0924,84.2,76,6,3.18,clear sky
70,Buarcos,PT,40.166,-8.8768,64.67,77,51,14.99,broken clouds
71,Atuona,PF,-9.8,-139.0333,78.69,75,48,12.82,scattered clouds
72,Mocuba,MZ,-16.8392,36.9856,68.83,95,33,4.41,light rain
73,Vila Franca Do Campo,PT,37.7167,-25.4333,64.81,66,8,2.46,clear sky
74,Laguna,US,38.421,-121.4238,62.29,69,0,3.44,clear sky
75,Puerto Ayora,EC,-0.7393,-90.3518,76.96,83,74,6.96,broken clouds
76,Mataura,NZ,-46.1927,168.8643,52.48,99,27,2.33,scattered clouds
77,Venice,US,27.0998,-82.4543,84.07,65,75,5.75,broken clouds
78,Oranjestad,AW,12.524,-70.027,85.95,70,20,25.32,few clouds
79,Lebu,CL,-37.6167,-73.65,55.29,71,100,14.41,overcast clouds
80,Hamilton,US,39.1834,-84.5333,72.99,66,40,11.5,scattered clouds
81,Andenes,NO,69.3143,16.1194,35.58,93,75,14.97,light intensity drizzle
82,Rawson,AR,-43.3002,-65.1023,51.82,55,97,4.85,overcast clouds
83,Tasiilaq,GL,65.6145,-37.6368,30.27,73,98,11.74,overcast clouds
84,Arani,IN,12.6667,79.2833,86.9,68,74,13.49,broken clouds
85,East London,ZA,-33.0153,27.9116,68.94,64,0,11.5,clear sky
86,Saskylakh,RU,71.9167,114.0833,8.74,98,63,5.19,broken clouds
87,Shache,CN,38.4167,77.2406,68.59,14,43,8.99,scattered clouds
88,Clyde River,CA,70.4692,-68.5914,14.23,79,100,16.11,light snow
89,Hingatungan,PH,10.584,125.1852,80.22,81,34,8.46,scattered clouds
90,Hohhot,CN,40.8106,111.6522,52.09,37,0,4.47,clear sky
91,Ginda,IN,30.6945,78.4932,61.27,64,99,5.7,overcast clouds
92,Albany,US,42.6001,-73.9662,63.18,33,4,1.99,clear sky
93,Sitka,US,57.0531,-135.33,42.85,91,100,6.93,light rain
94,Biak,ID,-0.9131,122.8766,77.0,87,86,5.59,overcast clouds
95,Kutum,SD,14.2,24.6667,93.96,6,74,14.27,broken clouds
96,Te Anau,NZ,-45.4167,167.7167,47.53,92,31,2.42,scattered clouds
97,Mantua,IT,45.1667,10.7833,72.64,76,60,4.14,broken clouds
98,Saint-Augustin,CA,51.226,-58.6502,38.16,83,100,22.64,overcast clouds
99,Sochi,RU,43.6,39.7303,53.69,97,100,2.19,light rain
100,Naze,JP,28.3667,129.4833,63.52,62,100,10.76,overcast clouds
101,Sambava,MG,-14.2667,50.1667,78.3,85,20,7.07,few clouds
102,Cape Town,ZA,-33.9258,18.4232,67.1,70,0,16.11,clear sky
103,Hilo,US,19.7297,-155.09,74.28,100,100,10.0,heavy intensity rain
104,Lorengau,PG,-2.0226,147.2712,81.37,76,7,4.74,clear sky
105,Terra Rica,BR,-22.7094,-52.6169,82.96,52,20,10.45,few clouds
106,Udachnyy,RU,66.4167,112.4,2.97,90,13,4.83,few clouds
107,Bambous Virieux,MU,-20.3428,57.7575,77.25,88,40,3.44,scattered clouds
108,Thinadhoo,MV,0.5333,72.9333,85.91,70,79,16.49,broken clouds
109,Nabire,ID,-3.3667,135.4833,76.15,92,99,3.33,overcast clouds
110,Sioux Lookout,CA,50.1001,-91.917,37.47,93,100,6.91,moderate rain
111,Butaritari,KI,3.0707,172.7902,80.55,80,99,11.79,light rain
112,Chokurdakh,RU,70.6333,147.9167,17.58,93,46,7.78,scattered clouds
113,Kirakira,SB,-10.4544,161.9205,79.41,83,100,5.57,light rain
114,Great Falls,US,47.5002,-111.3008,47.59,82,100,6.91,overcast clouds
115,Beloha,MG,-25.1667,45.05,69.01,81,11,5.66,few clouds
116,Yulara,AU,-25.2406,130.9889,60.64,67,100,6.91,overcast clouds
117,Columbia,US,34.0007,-81.0348,81.57,57,0,6.91,clear sky
118,Narsaq,GL,60.9167,-46.05,42.69,74,64,4.68,broken clouds
119,San Patricio,US,28.017,-97.5169,85.15,63,64,15.03,broken clouds
120,Upernavik,GL,72.7868,-56.1549,13.37,62,90,4.14,overcast clouds
121,Esperance,AU,-33.8667,121.9,57.04,69,0,5.44,clear sky
122,Tual,ID,-5.6667,132.75,83.25,75,85,9.73,overcast clouds
123,Lagoa,PT,39.05,-27.9833,61.74,76,25,1.01,scattered clouds
124,Pisco,PE,-13.7,-76.2167,69.03,77,0,6.91,clear sky
125,Ilulissat,GL,69.2167,-51.1,20.34,59,10,3.89,clear sky
126,Yar-Sale,RU,66.8333,70.8333,14.9,89,28,7.11,scattered clouds
127,Kaitangata,NZ,-46.2817,169.8464,49.46,96,25,3.74,scattered clouds
128,Hobart,AU,-42.8794,147.3294,61.27,74,75,6.91,broken clouds
129,Tiksi,RU,71.6872,128.8694,16.09,90,87,13.24,overcast clouds
130,Torres,BR,-29.3353,-49.7269,70.83,94,100,7.2,overcast clouds
131,Roald,NO,62.5833,6.1333,52.16,76,20,20.71,few clouds
132,Vestmannaeyjar,IS,63.4427,-20.2734,49.19,76,40,18.41,scattered clouds
133,Kavaratti,IN,10.5669,72.642,85.1,71,20,10.31,few clouds
134,Touros,BR,-5.1989,-35.4608,85.53,66,80,17.13,broken clouds
135,Souillac,MU,-20.5167,57.5167,77.38,88,40,3.44,scattered clouds
136,Ust-Nera,RU,64.5667,143.2,21.94,98,83,4.83,broken clouds
137,Dingle,PH,10.9995,122.6711,77.68,80,98,5.84,overcast clouds
138,Baykit,RU,61.67,96.37,21.51,93,5,3.13,clear sky
139,Teya,RU,60.3778,92.6267,23.59,96,75,1.9,broken clouds
140,Norman Wells,CA,65.282,-126.8329,41.04,52,20,11.5,few clouds
141,Harindanga,IN,22.0383,88.3214,83.71,76,93,6.11,overcast clouds
142,Fairbanks,US,64.8378,-147.7164,40.08,70,0,6.91,clear sky
143,Arraial Do Cabo,BR,-22.9661,-42.0278,84.16,61,0,11.5,clear sky
144,Kahului,US,20.8947,-156.47,74.84,92,100,4.0,light rain
145,Isangel,VU,-19.55,169.2667,78.91,83,100,4.61,overcast clouds
146,Sebinkarahisar,TR,40.2883,38.4236,47.05,80,100,3.67,overcast clouds
147,Burns Lake,CA,54.2331,-125.7533,33.22,76,100,3.83,overcast clouds
148,Lavrentiya,RU,65.5833,-171.0,10.67,91,51,10.45,broken clouds
149,Ponta Delgada,PT,37.7333,-25.6667,65.12,77,75,4.61,broken clouds
150,Singaraja,ID,-8.112,115.0882,80.49,81,99,4.68,overcast clouds
151,Itaituba,BR,-4.2761,-55.9836,89.76,66,40,5.75,scattered clouds
152,Bilibino,RU,68.0546,166.4372,-2.6,96,93,3.6,overcast clouds
153,El Tigre,VE,8.8875,-64.2454,88.84,38,14,13.22,few clouds
154,Yamasaki,JP,35.0,134.55,48.34,86,95,3.91,overcast clouds
155,Svirstroy,RU,60.7999,33.7248,40.82,77,66,4.03,broken clouds
156,Pingliang,CN,35.5392,106.6861,49.1,22,33,7.43,scattered clouds
157,Tazovskiy,RU,67.4667,78.7,17.74,93,64,9.95,broken clouds
158,The Pas,CA,53.8251,-101.2541,35.62,80,100,9.22,overcast clouds
159,Talnakh,RU,69.4865,88.3972,18.21,89,100,7.74,overcast clouds
160,Pevek,RU,69.7008,170.3133,-3.78,94,45,5.46,scattered clouds
161,Vila Velha,BR,-20.3297,-40.2925,87.75,73,40,14.0,scattered clouds
162,Atbasar,KZ,51.8,68.3333,60.01,54,88,9.91,overcast clouds
163,Nouadhibou,MR,20.931,-17.0347,75.18,60,0,19.57,dust
164,Severo-Kurilsk,RU,50.6789,156.125,33.51,85,75,11.05,broken clouds
165,Launceston,AU,-41.45,147.1667,57.15,88,40,10.36,scattered clouds
166,Jacmel,HT,18.2342,-72.5347,82.24,73,99,4.23,overcast clouds
167,Asau,RO,46.4333,26.4,63.52,66,89,4.07,overcast clouds
168,Kafue,ZM,-15.7691,28.1814,64.8,64,0,2.19,clear sky
169,Progreso,MX,21.2833,-89.6667,87.12,61,0,8.59,clear sky
170,Yarmouth,US,41.7057,-70.2286,64.98,58,0,6.91,clear sky
171,Itarema,BR,-2.9248,-39.9167,85.23,66,94,12.57,overcast clouds
172,Mount Isa,AU,-20.7333,139.5,73.17,64,99,10.36,overcast clouds
173,Aklavik,CA,68.2191,-135.0107,35.6,69,20,8.05,few clouds
174,Prince Rupert,CA,54.3161,-130.3201,47.89,87,100,25.32,light rain
175,Nuevitas,CU,21.5453,-77.2644,83.89,58,4,13.06,clear sky
176,Bengkulu,ID,-3.8004,102.2655,77.2,89,100,3.78,overcast clouds
177,Impfondo,CG,1.6381,18.0667,89.13,47,34,5.19,scattered clouds
178,Morondava,MG,-20.2833,44.2833,77.41,68,0,15.48,clear sky
179,Ponta Do Sol,PT,32.6667,-17.1,72.23,56,0,1.5,clear sky
180,Hailey,US,43.5196,-114.3153,40.87,83,100,5.75,overcast clouds
181,Trelew,AR,-43.249,-65.3051,51.89,54,96,5.64,overcast clouds
182,Carora,VE,10.1755,-70.0827,92.14,37,43,4.29,scattered clouds
183,Vodnyy,RU,63.5046,53.4095,29.35,80,68,3.65,broken clouds
184,Hopeman,GB,57.7068,-3.4291,60.15,68,0,5.75,clear sky
185,Port Elizabeth,ZA,-33.918,25.5701,66.49,78,0,12.66,clear sky
186,Saint-Pierre,RE,-21.3393,55.4781,78.48,76,75,8.05,broken clouds
187,Leh,IN,34.1667,77.5833,49.78,28,1,7.29,clear sky
188,Georgetown,MY,5.4112,100.3354,84.15,88,20,2.3,few clouds
189,Bredasdorp,ZA,-34.5322,20.0403,60.64,80,0,7.72,clear sky
190,Anamur,TR,36.0751,32.8369,70.29,73,13,6.53,few clouds
191,Sosva,RU,59.1766,61.8558,35.87,87,100,11.48,overcast clouds
192,Eenhana,NA,-17.4667,16.3333,78.8,31,64,12.24,broken clouds
193,Shelbyville,US,35.4834,-86.4603,72.72,91,100,8.5,overcast clouds
194,Buala,SB,-8.145,159.5921,79.32,84,100,6.62,moderate rain
195,Jamestown,US,42.097,-79.2353,48.94,89,100,8.05,moderate rain
196,Makakilo City,US,21.3469,-158.0858,71.92,79,100,3.44,light rain
197,Chuy,UY,-33.6971,-53.4616,64.78,50,5,10.58,clear sky
198,Alcudia,ES,39.8532,3.1214,73.38,58,46,10.74,scattered clouds
199,Hun,LY,29.1268,15.9477,93.7,8,1,25.86,clear sky
200,Longyearbyen,SJ,78.2186,15.6401,15.64,53,0,6.91,clear sky
201,Iwanai,JP,42.9744,140.5089,42.85,90,64,1.99,broken clouds
202,Tuatapere,NZ,-46.1333,167.6833,48.25,93,35,5.26,scattered clouds
203,Leningradskiy,RU,69.3833,178.4167,-1.01,87,87,6.2,overcast clouds
204,Mackay,AU,-21.15,149.2,69.78,94,40,6.91,scattered clouds
205,Kyren,RU,51.6828,102.1408,51.15,42,89,3.24,overcast clouds
206,Umm Bab,QA,25.2142,50.8072,88.54,32,0,12.26,clear sky
207,Zhigansk,RU,66.7697,123.3711,10.36,94,72,9.37,broken clouds
208,Uruzgan,AF,32.8333,66.0,79.95,15,99,5.3,overcast clouds
209,Constitucion,CL,-35.3333,-72.4167,58.59,56,0,9.08,clear sky
210,Comodoro Rivadavia,AR,-45.8667,-67.5,49.86,66,40,2.3,light rain
211,Basco,PH,20.4487,121.9702,79.23,80,97,22.21,overcast clouds
212,Valparaiso,CL,-33.0393,-71.6273,64.63,67,0,10.36,clear sky
213,Port Moresby,PG,-9.4431,147.1797,76.14,90,34,6.49,scattered clouds
214,Male,MV,4.1748,73.5089,85.95,74,75,11.5,broken clouds
215,Hithadhoo,MV,-0.6,73.0833,85.91,71,76,15.48,light rain
216,Sainte-Marie,RE,-20.8968,55.5496,78.96,84,100,8.05,overcast clouds
217,Bethel,US,41.3712,-73.414,68.18,38,11,2.26,few clouds
218,Thompson,CA,55.7435,-97.8558,23.16,86,100,11.5,overcast clouds
219,Qiryat Shemona,IL,33.2073,35.5721,65.53,78,1,6.46,clear sky
220,Bereda,ES,43.2686,-7.5406,65.41,82,31,6.73,scattered clouds
221,Ostrow Wielkopolski,PL,51.655,17.8069,62.98,44,74,2.93,broken clouds
222,San Carlos,VE,9.6612,-68.5827,86.11,60,60,5.26,broken clouds
223,Coquimbo,CL,-29.9533,-71.3436,55.13,94,100,12.66,overcast clouds
224,Bandarbeyla,SO,9.4942,50.8122,84.92,76,79,10.42,broken clouds
225,Kondinskoye,RU,59.6481,67.41,41.52,54,100,6.26,overcast clouds
226,Najran,SA,17.4924,44.1277,88.45,21,29,11.45,scattered clouds
227,Nikolskoye,RU,59.7035,30.7861,48.78,60,55,5.37,broken clouds
228,Saint Paul,US,44.9444,-93.0933,47.44,92,75,10.36,broken clouds
229,Tautira,PF,-17.7333,-149.15,79.34,74,53,7.27,broken clouds
230,Marystown,CA,47.1666,-55.1483,43.05,89,100,4.09,overcast clouds
231,San Javier,ES,37.8063,-0.8374,77.58,63,0,11.99,clear sky
232,Campbell River,CA,50.0163,-125.2446,50.59,100,75,2.3,broken clouds
233,Vardo,NO,70.3705,31.1107,28.98,61,94,5.5,overcast clouds
234,Bilma,NE,18.6853,12.9164,107.4,8,58,6.4,broken clouds
235,Winnemucca,US,40.973,-117.7357,43.47,63,95,13.47,overcast clouds
236,Mahebourg,MU,-20.4081,57.7,77.29,88,40,3.44,scattered clouds
237,Ostrovnoy,RU,68.0531,39.5131,27.55,83,93,13.78,overcast clouds
238,Victoria,HK,22.2855,114.1577,64.38,93,100,5.99,moderate rain
239,Richards Bay,ZA,-28.783,32.0377,65.46,76,0,6.08,clear sky
240,Ludvika,SE,60.1496,15.1878,57.33,30,98,6.51,overcast clouds
241,Ko Samui,TH,9.5357,99.9357,83.32,77,67,12.97,broken clouds
242,Aksarka,RU,66.5606,67.7975,13.86,91,32,5.75,scattered clouds
243,Coihaique,CL,-45.5752,-72.0662,50.61,93,75,0.0,broken clouds
244,Entre Rios,BR,-11.9419,-38.0844,83.03,59,98,8.9,overcast clouds
245,Coahuayana,MX,18.7333,-103.6833,86.36,25,100,3.78,overcast clouds
246,Nador,MA,35.174,-2.9287,77.07,40,0,5.75,clear sky
247,Iqaluit,CA,63.7506,-68.5145,20.93,86,75,2.3,fog
248,Ryotsu,JP,38.0833,138.4333,47.88,86,17,4.72,few clouds
249,Pitimbu,BR,-7.4706,-34.8086,77.59,73,62,13.24,broken clouds
250,Korhogo,CI,9.45,-5.6333,96.91,28,89,4.29,overcast clouds
251,Idritsa,RU,56.3316,28.8988,50.16,52,99,3.15,overcast clouds
252,Karratha,AU,-20.7377,116.8463,82.58,51,97,5.66,overcast clouds
253,Vostok,RU,46.4856,135.8833,29.5,87,100,2.48,overcast clouds
254,Athens,GR,37.9795,23.7162,69.22,46,100,10.0,overcast clouds
255,Lazaro Cardenas,MX,17.9583,-102.2,85.15,37,10,2.84,clear sky
256,Luderitz,NA,-26.6481,15.1594,69.31,43,0,7.72,clear sky
257,Sorland,NO,67.667,12.6934,42.66,92,100,30.67,light rain
258,Adrar,MR,20.5022,-10.0711,97.29,6,0,3.53,clear sky
259,Sakaiminato,JP,35.55,133.2333,46.38,87,20,6.91,few clouds
260,Chiman,PK,32.5463,73.8138,95.99,13,0,4.38,clear sky
261,Port Keats,AU,-14.25,129.55,78.49,47,11,7.4,few clouds
262,Necochea,AR,-38.5473,-58.7368,54.55,61,94,13.67,overcast clouds
263,Hasaki,JP,35.7333,140.8333,52.29,85,100,23.55,overcast clouds
264,Tres Arroyos,AR,-38.3739,-60.2798,54.14,62,99,12.01,overcast clouds
265,Victor Harbor,AU,-35.5667,138.6167,60.01,89,42,7.54,scattered clouds
266,Marsh Harbour,BS,26.5412,-77.0636,75.16,73,39,16.89,scattered clouds
267,Paamiut,GL,61.994,-49.6678,34.47,90,87,3.98,overcast clouds
268,Saint-Ambroise,CA,48.5501,-71.3324,56.57,46,23,3.44,few clouds
269,Honiara,SB,-9.4333,159.95,77.74,86,100,1.92,moderate rain
270,Bairiki,KI,1.3292,172.9752,77.0,94,40,8.05,light intensity shower rain
271,Vilcun,CL,-38.65,-72.2333,38.14,68,100,5.14,overcast clouds
272,Saint Anthony,US,45.0205,-93.218,46.78,91,100,9.22,overcast clouds
273,Saurimo,AO,-9.6608,20.3916,86.32,51,75,5.75,broken clouds
274,Jiaozuo,CN,35.2397,113.2331,63.07,21,0,7.29,clear sky
275,Nowy Dwor Gdanski,PL,54.2131,19.1177,54.68,66,100,9.13,overcast clouds
276,Nuuk,GL,64.1835,-51.7216,29.88,58,44,10.0,scattered clouds
277,Flinders,AU,-34.5833,150.8552,56.25,89,8,3.0,clear sky
278,Hofn,IS,64.2539,-15.2082,48.22,71,75,9.22,broken clouds
279,Sinnamary,GF,5.3833,-52.95,82.94,69,43,12.86,scattered clouds
280,Yaan,NG,7.3833,8.5667,90.77,45,100,6.64,overcast clouds
281,Salina Cruz,MX,16.1667,-95.2,86.92,57,99,5.08,overcast clouds
282,Banda Aceh,ID,5.5577,95.3222,81.37,79,98,15.12,overcast clouds
283,Port Hedland,AU,-20.3167,118.5667,78.85,57,92,6.91,overcast clouds
284,Judaberg,NO,59.1659,5.8732,54.0,74,100,5.44,overcast clouds
285,Bonavista,CA,48.6499,-53.1147,37.69,95,100,10.96,overcast clouds
286,Naples,IT,40.8333,14.25,70.61,38,20,10.36,few clouds
287,Ust-Omchug,RU,61.15,149.6333,27.9,91,100,3.0,overcast clouds
288,Avera,US,33.194,-82.5271,81.55,59,43,9.06,scattered clouds
289,Sao Filipe,CV,14.8961,-24.4956,75.42,70,0,9.26,clear sky
290,Rorvik,NO,64.8621,11.2373,42.91,75,75,26.46,light intensity shower rain
291,Mizdah,LY,31.4451,12.9801,65.37,50,38,24.54,scattered clouds
292,Dunedin,NZ,-45.8742,170.5036,57.79,91,33,3.0,scattered clouds
293,Avarua,CK,-21.2078,-159.775,73.45,100,100,1.14,overcast clouds
294,Karatau,KZ,43.1667,70.4667,71.64,34,100,8.48,overcast clouds
295,Klaksvik,FO,62.2266,-6.589,47.32,80,71,13.91,broken clouds
296,Ngunguru,NZ,-35.6167,174.5,62.82,76,63,9.06,broken clouds
297,Pedernales,DO,18.0384,-71.744,77.86,81,100,2.33,overcast clouds
298,Janakpur,NP,26.7183,85.9065,87.62,41,0,9.84,clear sky
299,Denpasar,ID,-8.65,115.2167,83.86,88,20,9.22,few clouds
300,San Andres,CO,12.5847,-81.7006,78.82,89,100,13.65,overcast clouds
301,Quatre Cocos,MU,-20.2078,57.7625,77.11,84,18,6.33,few clouds
302,Alice Springs,AU,-23.7,133.8833,58.55,63,40,5.75,scattered clouds
303,Ler,SS,8.3018,30.1418,94.71,27,55,2.39,broken clouds
304,Leua,SK,48.2156,18.6071,68.94,62,80,2.48,broken clouds
305,Kamenka,RU,51.3223,42.7678,45.39,50,45,5.7,scattered clouds
306,Stephenville,US,32.2207,-98.2023,76.93,40,100,11.5,overcast clouds
307,Port Hawkesbury,CA,45.6169,-61.3485,41.92,95,100,14.97,mist
308,Nanortalik,GL,60.1432,-45.2371,38.57,86,98,9.01,overcast clouds
309,Puerto Madryn,AR,-42.7692,-65.0385,51.15,57,83,2.73,broken clouds
310,Yumen,CN,40.2833,97.2,53.01,15,0,10.92,clear sky
311,Hami,CN,42.8,93.45,66.15,10,5,4.56,clear sky
312,Tomatlan,MX,19.9333,-105.25,86.14,36,100,2.75,overcast clouds
313,Ahipara,NZ,-35.1667,173.1667,59.97,88,98,5.53,overcast clouds
314,Preili,LV,56.2944,26.7246,51.69,53,100,1.95,overcast clouds
315,Huron,US,41.1501,-82.5499,69.19,82,100,14.36,overcast clouds
316,Aksu,CN,41.1231,80.2644,67.77,17,19,6.29,few clouds
317,Muriwai Beach,NZ,-36.8167,174.45,59.36,90,50,4.27,scattered clouds
318,Havelock,US,34.8791,-76.9013,78.98,72,75,4.0,broken clouds
319,Kemise,ET,10.7167,39.8667,74.21,39,37,3.76,scattered clouds
320,Samarai,PG,-10.6167,150.6667,79.97,82,54,9.71,broken clouds
321,Cabedelo,BR,-6.9811,-34.8339,83.14,73,80,15.17,broken clouds
322,Weyburn,CA,49.6668,-103.8511,46.92,64,89,9.78,overcast clouds
323,Churachandpur,IN,24.3333,93.6667,61.52,83,24,2.3,few clouds
324,Pio Ix,BR,-6.8375,-40.5792,90.39,36,46,8.37,scattered clouds
325,Ankang,CN,32.68,109.0172,53.65,55,10,0.83,clear sky
326,San Quintin,MX,30.4833,-115.95,62.01,77,35,5.82,scattered clouds
327,Champerico,GT,14.3,-91.9167,85.6,64,100,1.41,overcast clouds
328,Urusha,RU,54.05,122.9,36.59,36,100,2.35,overcast clouds
329,Grand Gaube,MU,-20.0064,57.6608,77.4,80,7,3.0,clear sky
330,Port Hardy,CA,50.6996,-127.4199,48.81,83,100,5.99,overcast clouds
331,Tingambato,MX,19.5,-101.8667,75.81,17,67,5.57,broken clouds
332,Port Huron,US,42.9709,-82.4249,57.24,68,100,20.71,overcast clouds
333,Lahij,YE,13.1667,44.5833,84.4,49,87,4.54,overcast clouds
334,Gigmoto,PH,13.7796,124.39,78.6,83,99,4.85,overcast clouds
335,Moussoro,TD,13.6408,16.4901,107.67,10,100,6.46,overcast clouds
336,Qiongshan,CN,20.0058,110.3542,69.8,92,100,18.07,overcast clouds
337,Kysyl-Syr,RU,63.8986,122.7617,22.41,88,100,13.0,snow
338,Mulchen,CL,-37.7167,-72.2333,57.0,57,100,8.63,overcast clouds
339,Huarmey,PE,-10.0681,-78.1522,69.91,78,18,7.85,few clouds
340,Tatawin,TN,32.9297,10.4518,66.42,47,27,16.78,scattered clouds
341,Kruisfontein,ZA,-34.0033,24.7314,61.88,87,4,4.92,clear sky
342,Forbes,AU,-33.3833,148.0167,48.92,78,0,5.26,clear sky
343,Ambilobe,MG,-13.2,49.05,76.42,89,39,1.25,scattered clouds
344,Pouebo,NC,-20.4,164.5667,74.84,89,40,10.69,scattered clouds
345,Srandakan,ID,-7.9386,110.2506,77.92,90,91,4.97,overcast clouds
346,Acapulco,MX,16.8634,-99.8901,84.92,49,83,5.19,broken clouds
347,Tuktoyaktuk,CA,69.4541,-133.0374,27.07,93,100,11.5,overcast clouds
348,Yatou,CN,37.15,122.3833,50.83,36,48,3.89,scattered clouds
349,Yakeshi,CN,49.2833,120.7333,38.43,34,24,5.5,few clouds
350,Pangnirtung,CA,66.1451,-65.7125,29.08,93,100,4.92,light snow
351,Cepari,RO,44.7979,24.6766,56.97,62,100,6.49,overcast clouds
352,Ixtapa,MX,20.7,-105.2,87.64,20,66,4.79,broken clouds
353,Pimentel,PE,-6.8367,-79.9342,69.64,78,56,7.47,broken clouds
354,Nosy Varika,MG,-20.5833,48.5333,75.33,86,3,3.87,clear sky
355,Boissevain,CA,49.2306,-100.0559,41.65,87,100,17.27,overcast clouds
356,Vrangel,RU,42.7297,133.0839,39.4,91,99,8.43,overcast clouds
357,Alofi,NU,-19.0595,-169.9187,80.74,79,98,12.93,overcast clouds
358,Pasighat,IN,28.0667,95.3333,73.27,72,98,3.8,overcast clouds
359,Provideniya,RU,64.3833,-173.3,23.68,78,89,11.43,overcast clouds
360,Husavik,IS,66.0449,-17.3389,29.34,73,100,14.54,overcast clouds
361,Chumikan,RU,54.7183,135.315,27.01,97,100,1.05,overcast clouds
362,Hambantota,LK,6.1241,81.1185,80.94,94,40,5.75,scattered clouds
363,Taraz,KZ,42.9,71.3667,72.01,43,98,6.71,overcast clouds
364,Muzaffarabad,PK,34.37,73.4711,74.73,50,43,6.64,scattered clouds
365,Saint-Joseph,RE,-21.3667,55.6167,77.38,82,29,5.48,scattered clouds
366,Severobaykalsk,RU,55.65,109.3167,36.64,100,100,3.04,overcast clouds
367,Podsineye,RU,53.6658,91.5364,59.0,26,0,2.24,clear sky
368,Labuhan,ID,-6.8844,112.2051,80.01,88,99,9.95,overcast clouds
369,Kuantan,MY,3.8077,103.326,78.4,89,100,3.13,overcast clouds
370,Mayo,US,38.8876,-76.5119,65.66,72,100,6.91,overcast clouds
371,Port Blair,IN,11.6667,92.75,83.88,72,51,3.62,broken clouds
372,Waipawa,NZ,-41.4122,175.5153,55.72,82,53,12.71,broken clouds
373,Starogard Gdanski,PL,53.964,18.5264,53.58,57,100,10.51,overcast clouds
374,San Jeronimo,PE,-11.9472,-75.2829,59.95,49,30,2.15,scattered clouds
375,Islamkot,PK,24.6997,70.177,85.73,62,8,22.59,clear sky
376,Khani,GE,41.9563,42.9566,45.97,99,100,3.49,overcast clouds
377,Selizharovo,RU,56.8519,33.4487,46.45,58,100,3.15,light rain
378,Bhimunipatnam,IN,17.8833,83.4333,85.51,82,93,11.18,overcast clouds
379,Faya,SA,18.3851,42.4509,68.9,53,27,7.11,light rain
380,Geraldton,AU,-28.7667,114.6,59.41,77,0,4.61,clear sky
381,Novobiryusinskiy,RU,56.9578,97.7076,40.91,79,100,8.01,overcast clouds
382,Matagami,CA,49.7502,-77.6328,49.44,65,93,8.84,overcast clouds
383,Murgab,TM,37.4966,61.9714,77.83,28,59,23.31,broken clouds
384,Khandyga,RU,62.6667,135.6,30.22,94,100,4.81,overcast clouds
385,Gongzhuling,CN,43.5008,124.8198,40.8,70,31,5.59,scattered clouds
386,Soddy-Daisy,US,35.2359,-85.1908,73.49,81,100,1.01,overcast clouds
387,Mehamn,NO,71.0357,27.8492,27.28,72,95,5.19,overcast clouds
388,Kismayo,SO,-0.3582,42.5454,82.58,78,82,15.9,broken clouds
389,Karak,JO,31.1667,35.75,64.06,37,0,17.0,clear sky
390,Jaffna,LK,9.6685,80.0074,86.0,82,100,22.53,overcast clouds
391,Eatonton,US,33.3268,-83.3885,80.35,72,100,6.96,overcast clouds
392,Byron Bay,AU,-28.65,153.6167,63.95,81,95,13.11,overcast clouds
393,Cootamundra,AU,-34.65,148.0333,48.02,86,2,2.46,clear sky
394,Talagang,PK,32.9297,72.4158,89.65,17,0,3.27,clear sky
395,Yerbogachen,RU,61.2767,108.0108,23.16,90,73,5.06,broken clouds
396,Ucluelet,CA,48.9329,-125.5528,49.08,90,100,1.01,overcast clouds
397,Buzmeyin,TM,38.0507,58.2056,64.4,78,100,3.91,moderate rain
398,Kuryk,KZ,43.2,51.65,71.55,42,6,15.52,clear sky
399,La Crosse,US,43.8014,-91.2396,50.77,87,100,8.01,light rain
400,Gushikawa,JP,26.3544,127.8686,67.23,81,100,13.69,overcast clouds
401,Drumheller,CA,51.4617,-112.7101,53.65,46,100,13.53,overcast clouds
402,Shirokiy,RU,49.758,129.523,41.07,57,74,6.15,broken clouds
403,Brae,GB,60.3964,-1.353,49.55,73,73,11.36,broken clouds
404,Taltal,CL,-25.4,-70.4833,64.9,69,21,5.68,few clouds
405,Kadaura,IN,25.9833,79.85,99.37,12,6,2.98,clear sky
406,Abu Samrah,SY,35.3029,37.1841,68.07,54,0,17.47,clear sky
407,Mkushi,ZM,-13.6202,29.3939,61.74,73,1,4.85,clear sky
408,Axim,GH,4.8699,-2.2405,84.72,70,100,8.14,overcast clouds
409,Veraval,IN,20.9,70.3667,83.75,88,0,11.92,clear sky
410,Alta Floresta,BR,-9.8756,-56.0861,86.13,59,65,4.34,broken clouds
411,Manokwari,ID,-0.8667,134.0833,78.21,83,96,4.97,overcast clouds
412,Tubuala,PA,9.5167,-79.0333,83.08,77,100,5.61,overcast clouds
413,Kamaishi,JP,39.2667,141.8833,46.36,93,100,4.81,overcast clouds
414,Novikovo,RU,51.1537,37.8879,50.25,50,88,2.95,overcast clouds
415,Fasa,IR,28.9383,53.6482,73.9,22,28,11.54,scattered clouds
416,Makat,KZ,47.6469,53.3463,63.16,38,16,20.09,few clouds
417,Cabra,ES,37.4725,-4.4421,76.75,35,89,11.45,overcast clouds
418,Nishihara,JP,26.1842,127.7558,67.28,83,100,12.66,overcast clouds
419,Moree,AU,-29.4667,149.85,59.43,60,0,7.45,clear sky
420,Santa Engracia,ES,41.9406,-1.3245,78.13,32,47,18.25,scattered clouds
421,Olden,NO,61.8364,6.8064,54.34,78,100,3.89,overcast clouds
422,Beboto,TD,8.2668,16.939,96.89,23,91,2.17,overcast clouds
423,Lamballe,FR,48.4676,-2.5144,62.02,51,99,4.0,overcast clouds
424,Lompoc,US,34.6391,-120.4579,58.6,83,40,21.85,scattered clouds
425,La Libertad,EC,-2.2333,-80.9,73.2,80,100,7.45,overcast clouds
426,Zarya,RU,55.7553,38.0958,54.18,45,98,6.15,overcast clouds
427,Araceli,PH,10.5529,119.9913,82.47,77,100,5.23,overcast clouds
428,Kudahuvadhoo,MV,2.6708,72.8944,86.13,75,88,17.54,overcast clouds
429,Ankazoabo,MG,-22.2833,44.5167,70.0,66,54,8.88,broken clouds
430,Koygorodok,RU,60.445,50.9968,30.45,87,68,2.82,broken clouds
431,San Borja,BO,-14.8167,-66.85,87.6,52,0,5.19,clear sky
432,Myatlevo,RU,54.8969,35.6762,46.53,67,98,5.82,overcast clouds
433,Anloga,GH,5.7947,0.8973,85.32,71,69,12.73,broken clouds
434,Balakhta,RU,55.38,91.6,46.45,79,100,12.95,overcast clouds
435,Ilhabela,BR,-23.7781,-45.3581,76.08,76,95,1.25,overcast clouds
436,Pailon,BO,-17.65,-62.75,88.95,38,0,11.74,clear sky
437,Sayyan,YE,15.1718,44.3244,69.3,31,81,12.12,broken clouds
438,Kaeo,NZ,-35.1,173.7833,61.39,85,98,6.35,overcast clouds
439,Kanke,IN,23.4333,85.3167,80.62,47,40,5.75,thunderstorm
440,Valentin Gomez Farias,MX,28.2167,-106.5833,73.49,12,69,6.33,broken clouds
441,Napasar,IN,27.9667,73.55,97.12,11,30,11.3,scattered clouds
442,Kharp,RU,66.8014,65.8081,10.65,90,16,4.32,few clouds
443,Sungaipenuh,ID,-2.0833,101.3833,65.52,96,98,1.52,overcast clouds
444,Mizoch,UA,50.4,26.15,56.12,60,95,5.57,overcast clouds
445,Mikhaylovka,RU,50.06,43.2379,51.78,50,9,7.54,clear sky
446,Maltahohe,NA,-24.8333,16.9833,73.62,19,0,10.98,clear sky
447,Cururupu,BR,-1.8283,-44.8683,84.61,73,35,3.91,moderate rain
448,Krasnoselkup,RU,65.7,82.4667,29.46,82,99,19.75,overcast clouds
449,Terrell,US,32.736,-96.2753,80.1,38,0,13.8,clear sky
450,Makarov,RU,48.6333,142.8,33.1,84,85,3.4,overcast clouds
451,Trindade,BR,-16.6494,-49.4889,87.06,26,0,2.82,clear sky
452,Khanu Woralaksaburi,TH,16.0617,99.8606,83.41,64,74,5.08,light rain
453,Kalamare,BW,-22.9337,26.5703,69.71,43,79,9.73,broken clouds
454,Santa Maria,BR,-29.6842,-53.8069,60.57,97,100,3.09,overcast clouds
455,Kaka,TM,37.3482,59.6143,66.47,71,79,14.99,light rain
456,Maputo,MZ,-25.9653,32.5892,73.22,76,9,7.0,clear sky
457,Amahai,ID,-3.3333,128.9167,79.68,84,95,2.66,overcast clouds
458,Corn Island,NI,12.1694,-83.0418,80.64,84,80,15.05,broken clouds
459,Wawa,NG,9.9022,4.4192,98.11,31,43,3.36,scattered clouds
460,Skibbereen,IE,51.55,-9.2667,53.11,84,96,14.25,overcast clouds
461,Toora-Khem,RU,52.4675,96.11,51.73,45,36,2.91,scattered clouds
462,Walla Walla,US,46.0646,-118.343,51.49,92,100,8.05,mist
463,Bambanglipuro,ID,-7.95,110.2833,77.79,90,92,4.9,overcast clouds
464,Motril,ES,36.7507,-3.5179,81.27,49,54,7.07,broken clouds
465,Olafsvik,IS,64.8945,-23.7142,38.82,54,86,10.58,overcast clouds
466,Matara,LK,5.9485,80.5353,79.99,88,99,10.07,heavy intensity rain
467,Tchollire,CM,8.4022,14.1698,96.4,34,72,1.83,broken clouds
468,Muros,ES,42.7762,-9.0603,70.09,58,7,17.09,clear sky
469,Teguldet,RU,57.3064,88.1667,38.84,69,100,10.16,overcast clouds
470,Voznesenskoye,RU,54.89,42.7569,43.16,58,61,5.77,broken clouds
471,Kalemie,CD,-5.9475,29.1947,73.85,81,91,7.0,light rain
472,Ozernovskiy,RU,51.5,156.5167,32.79,88,100,6.44,overcast clouds
473,Mayahi,NE,13.9553,7.6712,105.35,8,81,4.61,broken clouds
474,Tateyama,JP,34.9833,139.8667,60.1,82,75,12.66,broken clouds
475,Conneaut,US,41.9476,-80.5542,59.11,83,100,17.52,overcast clouds
476,Lufilufi,WS,-13.8745,-171.5986,76.78,76,67,7.54,broken clouds
477,Puerto Maldonado,PE,-12.6,-69.1833,90.34,46,3,3.31,clear sky
478,Oum Hadjer,TD,13.2954,19.6966,106.03,13,56,1.97,broken clouds
479,Kassala,SD,15.451,36.4,101.59,14,15,13.11,few clouds
480,Rudnogorsk,RU,57.2639,103.7519,33.24,91,100,3.96,overcast clouds
481,Garowe,SO,8.4054,48.4845,92.21,32,100,6.13,overcast clouds
482,Jilin,CN,43.0,126.0,36.14,69,22,3.11,few clouds
483,Mogadishu,SO,2.0371,45.3438,83.77,75,85,13.58,light rain
484,Beysehir,TR,37.6773,31.7246,56.79,66,34,11.68,scattered clouds
485,Sur,OM,22.5667,59.5289,86.41,52,0,6.31,clear sky
486,Arica,CL,-18.475,-70.3042,68.14,69,21,6.69,few clouds
487,Moose Factory,CA,51.2585,-80.6094,51.6,55,98,8.81,overcast clouds
488,Atraulia,IN,26.3333,82.95,86.63,38,0,17.07,clear sky
489,Clearlake,US,38.9582,-122.6264,63.36,48,2,7.74,clear sky
490,Oregon City,US,45.3573,-122.6068,52.45,89,100,1.01,overcast clouds
491,Chimbote,PE,-9.0853,-78.5783,70.59,75,48,7.9,scattered clouds
492,Mongar,BT,27.2747,91.2396,56.64,93,100,2.77,overcast clouds
493,Iquitos,PE,-3.7481,-73.2472,88.5,55,87,1.28,overcast clouds
494,Kailua,US,21.4022,-157.7394,72.81,86,92,1.99,overcast clouds
495,Antalaha,MG,-14.9003,50.2788,77.07,87,16,5.75,few clouds
496,Haines Junction,CA,60.7522,-137.5108,29.8,88,100,2.19,overcast clouds
497,Miramar,US,25.9873,-80.2323,85.01,66,75,14.97,broken clouds
498,Altamont,US,42.2068,-121.7372,42.89,67,7,1.99,clear sky
499,Meulaboh,ID,4.1363,96.1285,78.1,86,100,3.47,overcast clouds
500,Taoudenni,ML,22.6783,-3.9836,92.82,12,0,13.78,clear sky
501,Praya,CV,14.9215,-23.5087,82.94,47,20,14.97,few clouds
502,Guayaramerin,BO,-10.8368,-65.3614,88.3,50,68,3.67,broken clouds
503,Galle,LK,6.0367,80.217,81.55,84,100,12.06,heavy intensity rain
504,Sal Rei,CV,16.1833,-22.9167,75.4,69,20,23.02,few clouds
505,Bundaberg,AU,-24.85,152.35,68.22,92,71,5.01,light rain
506,Boguchany,RU,58.3814,97.4531,35.56,81,96,5.28,overcast clouds
507,Manta,EC,-0.95,-80.7333,80.38,74,75,5.75,broken clouds
508,Abha,SA,18.2164,42.5053,69.33,50,30,5.48,light rain
509,Talara,PE,-4.5772,-81.2719,72.73,74,87,13.0,overcast clouds
510,Birjand,IR,32.8663,59.2211,66.67,48,40,9.22,scattered clouds
511,Port Lincoln,AU,-34.7333,135.8667,59.32,89,0,8.61,clear sky
512,Naifaru,MV,5.4444,73.3657,85.8,74,41,16.91,light rain
513,Jurado,CO,7.1053,-77.7641,83.03,79,96,7.96,light rain
514,Katsuura,JP,35.1333,140.3,55.42,88,100,18.88,overcast clouds
515,Green River,US,41.5286,-109.4662,45.0,31,100,14.18,overcast clouds
516,Calvia,ES,39.5657,2.5062,72.09,59,10,3.4,clear sky
517,Rio Tercero,AR,-32.173,-64.1141,70.45,29,0,7.43,clear sky
518,Grindavik,IS,63.8424,-22.4338,45.07,57,0,11.5,clear sky
519,Tura,IN,25.5198,90.2201,71.35,95,29,9.08,scattered clouds
520,Rio Claro,BR,-22.4114,-47.5614,81.21,49,52,7.31,broken clouds
521,Karwar,IN,14.8,74.1333,82.08,79,19,7.99,few clouds
522,Houlton,US,46.1262,-67.8403,46.81,57,100,14.97,overcast clouds
523,Eltham,NZ,-39.4292,174.3,60.96,98,56,4.74,broken clouds
524,Pozo Colorado,PY,-23.4923,-58.7972,86.81,49,0,4.45,clear sky
525,Betanzos,ES,43.2804,-8.2147,61.45,72,75,6.91,broken clouds
526,Maningrida,AU,-12.0667,134.2667,76.98,77,75,9.19,broken clouds
527,Alenquer,BR,-1.9417,-54.7383,84.16,71,50,2.8,scattered clouds
528,Los Llanos De Aridane,ES,28.6585,-17.9182,69.12,76,20,11.5,few clouds
529,Marsaxlokk,MT,35.8419,14.5431,63.21,72,0,16.11,clear sky
530,Nanakuli,US,21.3906,-158.1547,73.35,73,20,8.05,few clouds
531,Manati,PR,18.4275,-66.4921,81.57,90,100,8.37,overcast clouds
532,Dorogobuzh,RU,54.915,33.2972,47.52,74,86,6.4,overcast clouds
533,Kurkino,RU,53.4257,38.6582,46.78,54,96,5.28,overcast clouds
534,Carberry,CA,49.8689,-99.3602,37.04,89,100,18.16,overcast clouds
535,A Coruna,ES,43.3713,-8.396,60.46,74,75,6.91,broken clouds
536,Sterling,US,39.0062,-77.4286,66.02,69,100,10.36,overcast clouds
537,Fortuna Foothills,US,32.6578,-114.4119,81.21,14,0,9.22,clear sky
538,Takab,IR,36.4009,47.1133,49.14,79,99,3.27,overcast clouds
539,Nizhniy Tsasuchey,RU,50.5167,115.1333,49.51,58,100,7.2,overcast clouds
540,Enid,US,36.3956,-97.8784,73.98,35,40,8.05,scattered clouds
541,Malia,GR,35.2833,25.4667,69.82,73,100,6.69,overcast clouds
542,Balclutha,NZ,-46.2339,169.75,47.41,98,37,3.04,scattered clouds
543,Izhma,RU,65.0083,53.9113,28.44,84,97,2.28,overcast clouds
544,Krasnogorsk,RU,55.8225,37.3181,52.14,32,0,11.18,clear sky
545,Cahors,FR,44.4167,1.3333,65.21,45,97,8.01,overcast clouds
546,Cartagena Del Chaira,CO,1.3349,-74.8429,80.11,68,94,2.15,overcast clouds
547,Merauke,ID,-8.4667,140.3333,78.55,89,95,12.37,overcast clouds
548,Aras,ES,42.5617,-2.356,70.21,27,0,5.75,clear sky
549,Panzhihua,CN,26.5851,101.7128,54.63,77,100,2.37,overcast clouds
550,Quelimane,MZ,-17.8786,36.8883,71.01,83,6,5.57,clear sky
551,Lethem,GY,3.3803,-59.7968,91.94,41,48,11.61,scattered clouds
552,Sorong,ID,-0.8833,131.25,80.2,84,55,6.98,broken clouds
553,Santa Quiteria Do Maranhao,BR,-3.5156,-42.5467,86.41,67,99,4.83,overcast clouds
554,Nyimba,ZM,-14.5566,30.8149,68.97,56,0,6.08,clear sky
555,Sabang,ID,5.8933,95.3214,84.29,74,98,23.06,light rain
556,Ribeira Grande,PT,38.5167,-28.7,66.6,82,20,4.61,few clouds
557,Boueni,YT,-12.9025,45.0761,82.38,77,89,15.64,overcast clouds
558,Chokwe,MZ,-24.5333,32.9833,68.61,73,3,6.73,clear sky
559,Medicine Hat,CA,50.0501,-110.6683,59.85,39,91,1.99,overcast clouds
560,Hukuntsi,BW,-24.0,21.75,71.89,20,0,7.7,clear sky
561,Marawi,PH,7.9986,124.2928,70.36,93,99,0.74,overcast clouds
562,Mahibadhoo,MV,3.7833,72.9667,86.07,75,46,18.57,scattered clouds
563,Hirara,JP,24.8,125.2833,69.58,83,100,24.7,heavy intensity rain
564,Lasa,IT,46.6166,10.7002,54.7,86,100,3.58,overcast clouds
565,Benghazi,LY,32.1167,20.0667,83.84,28,100,15.43,overcast clouds
566,Matay,EG,28.419,30.7792,88.65,14,1,9.8,clear sky
567,Poim,RU,53.0264,43.1872,44.73,49,31,1.95,scattered clouds
568,Hualmay,PE,-11.0964,-77.6139,69.66,76,19,7.47,few clouds
569,Komsomolskiy,UZ,40.4272,71.7189,75.92,35,100,4.61,overcast clouds
570,Kawalu,ID,-7.3817,108.2082,73.63,96,100,1.12,overcast clouds
571,Futtsu,JP,35.3053,139.8186,56.1,81,100,17.02,overcast clouds
572,Boyolangu,ID,-8.1181,111.8935,76.69,91,54,0.49,broken clouds
573,Luleburgaz,TR,41.4039,27.3592,58.15,69,59,10.31,broken clouds
574,Shetpe,KZ,44.1667,52.1167,66.02,43,19,19.22,few clouds
575,Namibe,AO,-15.1961,12.1522,76.03,74,10,16.46,clear sky
576,Wasilla,US,61.5814,-149.4394,43.9,57,100,6.91,overcast clouds
577,Maceio,BR,-9.6658,-35.7353,87.24,58,75,12.66,broken clouds
578,Rovaniemi,FI,66.5,25.7167,40.41,48,0,10.36,clear sky
579,Miri,MY,4.4148,114.0089,78.4,86,53,4.07,broken clouds
580,Mananjary,MG,-21.2167,48.3333,75.61,80,16,3.96,few clouds
581,Hvide Sande,DK,56.0045,8.1294,53.1,76,13,11.54,few clouds
582,Hutchinson,US,38.0608,-97.9298,64.72,33,0,8.05,clear sky
583,Arlit,NE,18.7369,7.3853,104.05,7,27,18.25,scattered clouds
584,Sinop,TR,41.7711,34.8709,49.75,88,96,4.99,overcast clouds
585,Portland,US,45.5234,-122.6762,53.1,89,100,3.44,overcast clouds
586,Inhambane,MZ,-23.865,35.3833,72.97,69,45,11.05,scattered clouds
587,Antofagasta,CL,-23.65,-70.4,69.22,54,25,7.16,scattered clouds
588,Smithers,CA,54.7804,-127.1743,42.37,79,98,4.25,overcast clouds
589,Bafra,TR,41.5678,35.9069,59.31,90,98,10.74,overcast clouds
590,Severo-Yeniseyskiy,RU,60.3725,93.0408,20.34,95,66,2.44,broken clouds
591,Yashkul,RU,46.1711,45.3435,62.62,44,100,11.45,overcast clouds
592,Souris,CA,49.6172,-100.2612,43.74,83,100,16.35,overcast clouds
593,Anori,BR,-3.7728,-61.6442,83.8,78,29,3.85,light rain
594,Agara,GE,42.0376,43.8238,51.96,97,100,8.21,overcast clouds
595,Hastings,GB,50.8552,0.5729,56.89,79,100,6.24,overcast clouds
596,Pervomayskoye,RU,43.919,46.7102,56.16,67,81,9.24,broken clouds
597,Casimiro De Abreu,BR,-22.4806,-42.2042,87.62,47,4,1.05,clear sky
598,Salinopolis,BR,-0.6136,-47.3561,81.68,77,73,6.02,light rain
599,Ouahigouya,BF,13.5828,-2.4216,103.73,11,97,5.39,overcast clouds
600,Aktau,KZ,43.65,51.2,66.78,49,38,17.6,scattered clouds
601,Micheweni,TZ,-4.9667,39.8333,79.16,84,63,15.46,light rain
602,Paka,MY,4.6374,103.4368,79.57,87,100,4.81,overcast clouds
603,Smidovich,RU,48.6,133.8167,38.46,69,73,6.53,broken clouds
604,Jangaon,IN,17.7167,79.1833,96.93,19,89,11.68,overcast clouds
605,Panaba,MX,21.2833,-88.2667,89.49,44,2,9.28,clear sky
606,Penzance,GB,50.1186,-5.5371,50.68,89,100,3.29,light rain
607,Eureka,US,40.8021,-124.1637,55.2,81,4,3.0,clear sky
608,Yonibana,SL,8.4447,-12.245,98.82,33,100,2.15,overcast clouds
609,Yeppoon,AU,-23.1333,150.7333,67.78,85,21,12.95,few clouds
610,Tessalit,ML,20.1986,1.0114,94.01,8,5,16.33,clear sky
611,Karpogory,RU,64.0019,44.4451,30.96,79,54,3.27,broken clouds
612,Nailsea,GB,51.4324,-2.7585,52.74,91,100,5.75,overcast clouds
613,Matadi,CD,-5.8167,13.45,81.19,85,99,2.73,light rain
614,College,US,64.8569,-147.8028,42.08,67,75,8.05,broken clouds
615,Calama,CL,-22.4667,-68.9333,73.89,13,0,13.8,clear sky
616,Visnes,NO,59.3556,5.2242,50.22,76,0,8.05,clear sky
617,Mogok,MM,22.9167,96.5,69.22,62,3,2.13,clear sky
618,Dogondoutchi,NE,13.6393,4.0287,107.55,6,54,5.23,broken clouds
619,Shawnee,US,39.05,-95.7669,63.05,45,0,16.11,clear sky
620,Barra Do Garcas,BR,-15.89,-52.2567,89.74,29,0,5.64,clear sky
621,Opuwo,NA,-18.0607,13.84,82.92,26,25,6.38,scattered clouds
622,La Ronge,CA,55.1001,-105.2842,32.11,82,100,7.47,overcast clouds
623,Cockburn Town,TC,21.4612,-71.1419,80.56,65,40,20.71,scattered clouds
624,Henties Bay,NA,-22.116,14.2845,62.89,75,2,6.98,clear sky
625,Ayan,RU,56.45,138.1667,27.72,89,19,3.33,few clouds
626,Pacifica,US,37.6138,-122.4869,60.67,77,20,8.05,haze
627,Port Augusta,AU,-32.5,137.7667,58.55,57,0,3.78,clear sky
628,Afua,BR,-0.1567,-50.3867,78.03,89,93,5.66,overcast clouds
629,Ust-Koksa,RU,50.2696,85.6108,51.08,51,98,3.42,overcast clouds
630,Thurso,GB,58.5927,-3.5259,48.45,83,90,9.75,overcast clouds
631,Dormidontovka,RU,47.7702,134.9076,38.17,88,100,5.35,overcast clouds
632,Katobu,ID,-4.9408,122.5276,75.96,91,93,4.47,overcast clouds
633,Leiyang,CN,26.4024,112.8591,55.2,94,99,3.31,overcast clouds
634,Tabou,CI,4.423,-7.3528,84.65,71,97,8.19,overcast clouds
635,Tiznit,MA,29.5833,-9.5,77.2,26,0,13.49,clear sky
636,Rundu,NA,-17.9333,19.7667,75.16,36,67,3.2,broken clouds
637,Bukoba,TZ,-1.3317,31.8122,66.52,89,98,5.5,overcast clouds
638,Gornopravdinsk,RU,60.05,69.9,38.23,67,99,4.9,overcast clouds
639,Kozhva,RU,65.1073,57.0459,27.25,80,65,1.95,broken clouds
640,Nam Som,TH,17.7704,102.1895,75.47,81,85,7.87,overcast clouds
641,Izazi,TZ,-7.2,35.7333,75.38,64,72,10.02,light rain
642,Alexandria,EG,31.2156,29.9553,68.88,63,5,8.48,clear sky
643,Podporozhye,RU,60.9112,34.1706,40.89,76,81,4.52,broken clouds
644,Svetlyy,RU,54.675,20.1347,48.25,74,100,8.21,overcast clouds
645,Kuytun,RU,54.3419,101.5036,49.93,84,100,6.93,overcast clouds
646,Goderich,CA,43.7501,-81.7165,53.91,85,100,24.2,overcast clouds
647,Nuevo Progreso,MX,23.1667,-97.95,87.89,60,31,5.99,scattered clouds
648,Bon Accord,CA,53.8335,-113.4187,49.98,88,100,13.76,overcast clouds
649,Kefalos,GR,36.7453,26.9589,70.02,56,20,12.66,few clouds
650,West Wendover,US,40.7391,-114.0733,45.61,81,100,6.91,overcast clouds
651,Caluquembe,AO,-13.7833,14.6833,69.03,55,4,5.28,clear sky
652,Oussouye,SN,12.485,-16.5469,94.24,28,13,12.88,few clouds
653,Sola,VU,-13.8833,167.55,81.75,71,100,0.96,overcast clouds
654,Bodmin,GB,50.4715,-4.7243,50.52,93,75,9.22,broken clouds
655,Xiaoweizhai,CN,26.1903,107.5125,53.83,86,98,6.2,overcast clouds
656,Huanren,CN,41.2647,125.3667,36.84,68,2,3.76,clear sky
657,Virginia Beach,US,36.8529,-75.978,75.06,57,40,9.22,scattered clouds
658,Lashio,MM,22.9333,97.75,66.49,74,1,1.79,clear sky
659,Baie-Comeau,CA,49.2168,-68.1489,42.69,73,93,6.24,overcast clouds
660,Buchanan,LR,5.8808,-10.0467,84.33,73,100,5.99,overcast clouds
661,Gazanjyk,TM,39.2446,55.5154,67.64,66,100,14.18,overcast clouds
662,Agadir,MA,30.4202,-9.5982,84.65,37,0,11.99,clear sky
663,Fortuna,US,40.5982,-124.1573,54.93,82,0,3.44,clear sky
664,Pisticci,IT,40.3906,16.5568,68.2,28,100,8.01,overcast clouds
665,Luganville,VU,-15.5333,167.1667,78.28,83,100,3.22,light rain
666,Valdivia,CL,-39.8142,-73.2459,41.09,67,97,2.26,overcast clouds
667,Mbuji-Mayi,CD,-6.15,23.6,68.95,98,100,3.4,light rain
668,Uvat,RU,59.1433,68.8953,39.61,58,97,5.61,overcast clouds
669,Aldan,RU,58.6031,125.3894,30.69,78,100,8.63,overcast clouds
670,Port-Gentil,GA,-0.7193,8.7815,87.76,70,20,12.66,few clouds
671,Ulaangom,MN,49.9811,92.0667,58.35,22,100,2.42,overcast clouds
672,San Vicente,AR,-26.6167,-54.1333,71.89,77,91,3.87,overcast clouds
673,Caravelas,BR,-17.7125,-39.2481,84.13,53,0,8.01,clear sky
674,Kasongo-Lunda,CD,-6.4667,16.8167,76.6,83,99,2.42,light rain
675,Soyo,AO,-6.1349,12.3689,79.32,87,100,6.78,overcast clouds
676,Pangai,TO,-19.8,-174.35,81.18,84,100,12.55,light rain
677,Pekan,MY,3.4836,103.3996,78.13,89,92,3.2,overcast clouds
678,Pauini,BR,-7.7136,-66.9764,90.19,51,62,2.62,broken clouds
679,Luena,AO,-11.7833,19.9167,67.28,59,100,4.59,overcast clouds
680,Kefamenanu,ID,-9.4467,124.4781,71.1,95,60,3.91,broken clouds
681,Polasara,IN,19.7,84.8167,81.32,71,49,8.14,scattered clouds
682,Corowa,AU,-36.0333,146.3833,54.41,89,34,3.24,scattered clouds
683,Talas,TR,38.6908,35.5538,54.27,67,75,11.5,broken clouds
684,Omboue,GA,-1.5746,9.2618,81.93,76,79,8.34,light rain
685,Livingstone,ZM,-17.8419,25.8543,71.29,39,2,5.17,clear sky
686,Nampula,MZ,-15.1165,39.2666,66.51,92,29,5.03,scattered clouds
687,Partizanskoye,RU,55.5006,94.39,45.7,72,100,11.81,overcast clouds
688,Camacha,PT,33.0833,-16.3333,67.42,64,20,13.8,few clouds
689,Gilgit,PK,35.9221,74.3087,76.24,34,40,1.79,scattered clouds
690,Nikko,JP,36.75,139.6167,40.21,89,45,6.67,scattered clouds
691,Bom Jesus,BR,-9.0744,-44.3586,95.13,29,89,6.93,overcast clouds
692,Chicama,PE,-7.8447,-79.1469,63.14,64,82,7.31,broken clouds
693,Dawlatabad,AF,36.4141,64.9053,81.52,38,97,10.96,overcast clouds
694,Meridian,US,43.6121,-116.3915,51.19,79,20,16.11,few clouds
695,Aswan,EG,24.0934,32.907,95.38,7,0,9.82,clear sky
696,Panjab,AF,34.388,67.0233,63.21,26,99,3.74,overcast clouds
697,Tuy Hoa,VN,13.0833,109.3,78.08,92,100,3.15,overcast clouds
698,Huilong,CN,31.8111,121.655,57.92,71,100,10.33,overcast clouds
699,Bonfim,BR,3.0833,-59.95,89.35,46,55,10.18,broken clouds
700,Batagay-Alyta,RU,67.8006,130.4114,10.22,89,54,6.91,broken clouds
701,Quartz Hill,US,34.6453,-118.2181,67.23,41,0,21.85,clear sky
